recording_id,source_zip,path,label,subtype,person,recording_number,usable,trim_method,search_start_s,trim_start_s,trim_end_s,trimmed_duration_s,peak_time_s,peak_acc_mag,original_start_s,original_end_s,original_duration_s,original_acc_rows,trimmed_acc_rows,notes
Fall_Backward_Lukas1,Fall_Backward_Lukas1.zip,C:\Users\lukas\GitHub\ML_Fall_Detection\data\raw\fall_backward\lukas\Fall_Backward_Lukas1.zip,fall,backward,lukas,1,yes,peak_centered_fall,5.0,5.7049,13.7049,8.0,8.7049,76.173888,0.0508,18.2181,18.1672,910,401,Automatically preprocessed from Sensor Logger export.
Fall_Backward_Lukas10,Fall_Backward_Lukas10.zip,C:\Users\lukas\GitHub\ML_Fall_Detection\data\raw\fall_backward\lukas\Fall_Backward_Lukas10.zip,fall,backward,lukas,10,yes,peak_centered_fall,5.0,5.6189,13.6189,8.0,8.6189,142.63877,0.0661,19.21,19.1438,959,401,Automatically preprocessed from Sensor Logger export.
Fall_Backward_Lukas2,Fall_Backward_Lukas2.zip,C:\Users\lukas\GitHub\ML_Fall_Detection\data\raw\fall_backward\lukas\Fall_Backward_Lukas2.zip,fall,backward,lukas,2,yes,peak_centered_fall,5.0,4.2948,12.2948,8.0,7.2948,96.980778,0.0805,18.2261,18.1456,909,401,Automatically preprocessed from Sensor Logger export.
Fall_Backward_Lukas3,Fall_Backward_Lukas3.zip,C:\Users\lukas\GitHub\ML_Fall_Detection\data\raw\fall_backward\lukas\Fall_Backward_Lukas3.zip,fall,backward,lukas,3,yes,peak_centered_fall,5.0,3.5006,11.5006,8.0,6.5006,119.794022,0.0658,16.6922,16.6264,833,401,Automatically preprocessed from Sensor Logger export.
Fall_Backward_Lukas4,Fall_Backward_Lukas4.zip,C:\Users\lukas\GitHub\ML_Fall_Detection\data\raw\fall_backward\lukas\Fall_Backward_Lukas4.zip,fall,backward,lukas,4,yes,peak_centered_fall,5.0,3.9177,11.9177,8.0,6.9177,102.176633,0.0634,17.9685,17.9051,897,401,Automatically preprocessed from Sensor Logger export.
Fall_Backward_Lukas5,Fall_Backward_Lukas5.zip,C:\Users\lukas\GitHub\ML_Fall_Detection\data\raw\fall_backward\lukas\Fall_Backward_Lukas5.zip,fall,backward,lukas,5,yes,peak_centered_fall,5.0,4.4595,12.4595,8.0,7.4595,77.541528,0.0657,19.9091,19.8433,994,401,Automatically preprocessed from Sensor Logger export.
Fall_Backward_Lukas6,Fall_Backward_Lukas6.zip,C:\Users\lukas\GitHub\ML_Fall_Detection\data\raw\fall_backward\lukas\Fall_Backward_Lukas6.zip,fall,backward,lukas,6,yes,peak_centered_fall,5.0,9.7157,17.7157,8.0,12.7157,84.711355,0.0656,25.4256,25.36,1270,401,Automatically preprocessed from Sensor Logger export.
Fall_Backward_Lukas7,Fall_Backward_Lukas7.zip,C:\Users\lukas\GitHub\ML_Fall_Detection\data\raw\fall_backward\lukas\Fall_Backward_Lukas7.zip,fall,backward,lukas,7,yes,peak_centered_fall,5.0,3.9697,11.9697,8.0,6.9697,77.020795,0.0554,17.481,17.4256,873,401,Automatically preprocessed from Sensor Logger export.
Fall_Backward_Lukas8,Fall_Backward_Lukas8.zip,C:\Users\lukas\GitHub\ML_Fall_Detection\data\raw\fall_backward\lukas\Fall_Backward_Lukas8.zip,fall,backward,lukas,8,yes,peak_centered_fall,5.0,4.7595,12.7595,8.0,7.7595,81.490144,0.066,19.01,18.944,949,401,Automatically preprocessed from Sensor Logger export.
Fall_Backward_Lukas9,Fall_Backward_Lukas9.zip,C:\Users\lukas\GitHub\ML_Fall_Detection\data\raw\fall_backward\lukas\Fall_Backward_Lukas9.zip,fall,backward,lukas,9,yes,peak_centered_fall,5.0,8.6357,16.6357,8.0,11.6357,116.876561,0.0656,21.1476,21.0821,1056,401,Automatically preprocessed from Sensor Logger export.
Fall_Backward_Polina1,Fall_Backward_Polina1.zip,C:\Users\lukas\GitHub\ML_Fall_Detection\data\raw\fall_backward\polina\Fall_Backward_Polina1.zip,fall,backward,polina,1,yes,peak_centered_fall,5.0,5.3252,13.3252,8.0,8.3252,15.582404,0.0749,15.8735,15.7986,789,398,Automatically preprocessed from Sensor Logger export.
Fall_Backward_Polina10,Fall_Backward_Polina10.zip,C:\Users\lukas\GitHub\ML_Fall_Detection\data\raw\fall_backward\polina\Fall_Backward_Polina10.zip,fall,backward,polina,10,yes,peak_centered_fall,5.0,5.5749,13.5749,8.0,8.5749,17.651135,0.0642,18.8665,18.8023,938,397,Automatically preprocessed from Sensor Logger export.
Fall_Backward_Polina11,Fall_Backward_Polina11.zip,C:\Users\lukas\GitHub\ML_Fall_Detection\data\raw\fall_backward\polina\Fall_Backward_Polina11.zip,fall,backward,polina,11,yes,peak_centered_fall,5.0,4.4613,12.4613,8.0,7.4613,20.388403,0.0708,15.0308,14.96,748,399,Automatically preprocessed from Sensor Logger export.
Fall_Backward_Polina12,Fall_Backward_Polina12.zip,C:\Users\lukas\GitHub\ML_Fall_Detection\data\raw\fall_backward\polina\Fall_Backward_Polina12.zip,fall,backward,polina,12,yes,peak_centered_fall,5.0,4.8356,12.8356,8.0,7.8356,21.125736,0.0671,17.1872,17.1201,855,399,Automatically preprocessed from Sensor Logger export.
Fall_Backward_Polina2,Fall_Backward_Polina2.zip,C:\Users\lukas\GitHub\ML_Fall_Detection\data\raw\fall_backward\polina\Fall_Backward_Polina2.zip,fall,backward,polina,2,yes,peak_centered_fall,5.0,5.1807,13.1807,8.0,8.1807,22.659218,0.0681,16.1481,16.0801,803,398,Automatically preprocessed from Sensor Logger export.
Fall_Backward_Polina3,Fall_Backward_Polina3.zip,C:\Users\lukas\GitHub\ML_Fall_Detection\data\raw\fall_backward\polina\Fall_Backward_Polina3.zip,fall,backward,polina,3,yes,peak_centered_fall,5.0,3.9776,11.9776,8.0,6.9776,22.428618,0.069,15.2279,15.1589,758,399,Automatically preprocessed from Sensor Logger export.
Fall_Backward_Polina4,Fall_Backward_Polina4.zip,C:\Users\lukas\GitHub\ML_Fall_Detection\data\raw\fall_backward\polina\Fall_Backward_Polina4.zip,fall,backward,polina,4,yes,peak_centered_fall,5.0,4.7784,12.7784,8.0,7.7784,18.711334,0.0688,15.7258,15.657,782,398,Automatically preprocessed from Sensor Logger export.
Fall_Backward_Polina5,Fall_Backward_Polina5.zip,C:\Users\lukas\GitHub\ML_Fall_Detection\data\raw\fall_backward\polina\Fall_Backward_Polina5.zip,fall,backward,polina,5,yes,peak_centered_fall,5.0,4.235,12.235,8.0,7.235,19.958964,0.0661,16.4677,16.4016,820,399,Automatically preprocessed from Sensor Logger export.
Fall_Backward_Polina6,Fall_Backward_Polina6.zip,C:\Users\lukas\GitHub\ML_Fall_Detection\data\raw\fall_backward\polina\Fall_Backward_Polina6.zip,fall,backward,polina,6,yes,peak_centered_fall,5.0,7.7384,15.7384,8.0,10.7384,23.793736,0.0827,19.289,19.2063,960,399,Automatically preprocessed from Sensor Logger export.
Fall_Backward_Polina7,Fall_Backward_Polina7.zip,C:\Users\lukas\GitHub\ML_Fall_Detection\data\raw\fall_backward\polina\Fall_Backward_Polina7.zip,fall,backward,polina,7,yes,peak_centered_fall,5.0,4.1628,12.1628,8.0,7.1628,18.316418,0.0734,15.2558,15.1824,759,399,Automatically preprocessed from Sensor Logger export.
Fall_Backward_Polina8,Fall_Backward_Polina8.zip,C:\Users\lukas\GitHub\ML_Fall_Detection\data\raw\fall_backward\polina\Fall_Backward_Polina8.zip,fall,backward,polina,8,yes,peak_centered_fall,5.0,5.6572,13.6572,8.0,8.6572,23.062012,0.0687,16.4872,16.4184,820,399,Automatically preprocessed from Sensor Logger export.
Fall_Backward_Polina9,Fall_Backward_Polina9.zip,C:\Users\lukas\GitHub\ML_Fall_Detection\data\raw\fall_backward\polina\Fall_Backward_Polina9.zip,fall,backward,polina,9,yes,peak_centered_fall,5.0,5.3017,13.3017,8.0,8.3017,14.690077,0.0713,17.6485,17.5772,876,398,Automatically preprocessed from Sensor Logger export.
Fall_Forward_Lukas1,Fall_Forward_Lukas1.zip,C:\Users\lukas\GitHub\ML_Fall_Detection\data\raw\fall_forward\lukas\Fall_Forward_Lukas1.zip,fall,forward,lukas,1,yes,peak_centered_fall,5.0,4.345,12.345,8.0,7.345,79.22376,0.0518,19.6335,19.5817,981,401,Automatically preprocessed from Sensor Logger export.
Fall_Forward_Lukas10,Fall_Forward_Lukas10.zip,C:\Users\lukas\GitHub\ML_Fall_Detection\data\raw\fall_forward\lukas\Fall_Forward_Lukas10.zip,fall,forward,lukas,10,yes,peak_centered_fall,5.0,4.0497,12.0497,8.0,7.0497,139.624915,0.0561,18.1197,18.0637,905,401,Automatically preprocessed from Sensor Logger export.
Fall_Forward_Lukas2,Fall_Forward_Lukas2.zip,C:\Users\lukas\GitHub\ML_Fall_Detection\data\raw\fall_forward\lukas\Fall_Forward_Lukas2.zip,fall,forward,lukas,2,yes,peak_centered_fall,5.0,4.5962,12.5962,8.0,7.5962,90.136634,0.063,17.3873,17.3243,868,401,Automatically preprocessed from Sensor Logger export.
Fall_Forward_Lukas3,Fall_Forward_Lukas3.zip,C:\Users\lukas\GitHub\ML_Fall_Detection\data\raw\fall_forward\lukas\Fall_Forward_Lukas3.zip,fall,forward,lukas,3,yes,peak_centered_fall,5.0,5.6303,13.6303,8.0,8.6303,112.196098,0.0581,18.5213,18.4632,925,401,Automatically preprocessed from Sensor Logger export.
Fall_Forward_Lukas4,Fall_Forward_Lukas4.zip,C:\Users\lukas\GitHub\ML_Fall_Detection\data\raw\fall_forward\lukas\Fall_Forward_Lukas4.zip,fall,forward,lukas,4,yes,peak_centered_fall,5.0,4.5688,12.5688,8.0,7.5688,67.656931,0.0557,16.7005,16.6448,834,401,Automatically preprocessed from Sensor Logger export.
Fall_Forward_Lukas5,Fall_Forward_Lukas5.zip,C:\Users\lukas\GitHub\ML_Fall_Detection\data\raw\fall_forward\lukas\Fall_Forward_Lukas5.zip,fall,forward,lukas,5,yes,peak_centered_fall,5.0,5.0359,13.0359,8.0,8.0359,120.148659,0.0617,16.7292,16.6675,835,401,Automatically preprocessed from Sensor Logger export.
Fall_Forward_Lukas6,Fall_Forward_Lukas6.zip,C:\Users\lukas\GitHub\ML_Fall_Detection\data\raw\fall_forward\lukas\Fall_Forward_Lukas6.zip,fall,forward,lukas,6,yes,peak_centered_fall,5.0,2.8293,10.8293,8.0,5.8293,156.14578,0.0543,17.3793,17.325,868,401,Automatically preprocessed from Sensor Logger export.
Fall_Forward_Lukas7,Fall_Forward_Lukas7.zip,C:\Users\lukas\GitHub\ML_Fall_Detection\data\raw\fall_forward\lukas\Fall_Forward_Lukas7.zip,fall,forward,lukas,7,yes,peak_centered_fall,5.0,6.8279,14.8279,8.0,9.8279,130.979344,0.0765,21.4776,21.4011,1072,401,Automatically preprocessed from Sensor Logger export.
Fall_Forward_Lukas8,Fall_Forward_Lukas8.zip,C:\Users\lukas\GitHub\ML_Fall_Detection\data\raw\fall_forward\lukas\Fall_Forward_Lukas8.zip,fall,forward,lukas,8,yes,peak_centered_fall,5.0,3.7405,11.7405,8.0,6.7405,98.117654,0.0664,16.2321,16.1657,810,401,Automatically preprocessed from Sensor Logger export.
Fall_Forward_Lukas9,Fall_Forward_Lukas9.zip,C:\Users\lukas\GitHub\ML_Fall_Detection\data\raw\fall_forward\lukas\Fall_Forward_Lukas9.zip,fall,forward,lukas,9,yes,peak_centered_fall,5.0,2.2721,10.2721,8.0,5.2721,121.016357,0.0567,15.9026,15.846,794,401,Automatically preprocessed from Sensor Logger export.
Fall_Forward_Polina1,Fall_Forward_Polina1.zip,C:\Users\lukas\GitHub\ML_Fall_Detection\data\raw\fall_forward\polina\Fall_Forward_Polina1.zip,fall,forward,polina,1,yes,peak_centered_fall,5.0,3.9695,11.9695,8.0,6.9695,71.409096,0.1005,18.7048,18.6043,930,399,Automatically preprocessed from Sensor Logger export.
Fall_Forward_Polina10,Fall_Forward_Polina10.zip,C:\Users\lukas\GitHub\ML_Fall_Detection\data\raw\fall_forward\polina\Fall_Forward_Polina10.zip,fall,forward,polina,10,yes,peak_centered_fall,5.0,3.7368,11.7368,8.0,6.7368,27.499137,0.0673,16.554,16.4867,824,399,Automatically preprocessed from Sensor Logger export.
Fall_Forward_Polina11,Fall_Forward_Polina11.zip,C:\Users\lukas\GitHub\ML_Fall_Detection\data\raw\fall_forward\polina\Fall_Forward_Polina11.zip,fall,forward,polina,11,yes,peak_centered_fall,5.0,5.049,13.049,8.0,8.049,26.297613,0.0611,18.7603,18.6992,933,398,Automatically preprocessed from Sensor Logger export.
Fall_Forward_Polina12,Fall_Forward_Polina12.zip,C:\Users\lukas\GitHub\ML_Fall_Detection\data\raw\fall_forward\polina\Fall_Forward_Polina12.zip,fall,forward,polina,12,yes,peak_centered_fall,5.0,4.6235,12.6235,8.0,7.6235,39.977044,0.0726,16.1555,16.0829,803,398,Automatically preprocessed from Sensor Logger export.
Fall_Forward_Polina2,Fall_Forward_Polina2.zip,C:\Users\lukas\GitHub\ML_Fall_Detection\data\raw\fall_forward\polina\Fall_Forward_Polina2.zip,fall,forward,polina,2,yes,peak_centered_fall,5.0,9.3131,14.3958,5.0826,12.3131,12.612621,0.0614,14.3958,14.3344,715,254,Automatically preprocessed from Sensor Logger export.
Fall_Forward_Polina3,Fall_Forward_Polina3.zip,C:\Users\lukas\GitHub\ML_Fall_Detection\data\raw\fall_forward\polina\Fall_Forward_Polina3.zip,fall,forward,polina,3,yes,peak_centered_fall,5.0,3.5338,11.5338,8.0,6.5338,33.385332,0.0657,16.2048,16.1391,806,398,Automatically preprocessed from Sensor Logger export.
Fall_Forward_Polina4,Fall_Forward_Polina4.zip,C:\Users\lukas\GitHub\ML_Fall_Detection\data\raw\fall_forward\polina\Fall_Forward_Polina4.zip,fall,forward,polina,4,yes,peak_centered_fall,5.0,6.5843,14.5843,8.0,9.5843,21.443751,0.0711,19.5944,19.5233,975,398,Automatically preprocessed from Sensor Logger export.
Fall_Forward_Polina5,Fall_Forward_Polina5.zip,C:\Users\lukas\GitHub\ML_Fall_Detection\data\raw\fall_forward\polina\Fall_Forward_Polina5.zip,fall,forward,polina,5,yes,peak_centered_fall,5.0,5.0608,13.0608,8.0,8.0608,20.389639,0.069,19.1164,19.0473,951,398,Automatically preprocessed from Sensor Logger export.
Fall_Forward_Polina6,Fall_Forward_Polina6.zip,C:\Users\lukas\GitHub\ML_Fall_Detection\data\raw\fall_forward\polina\Fall_Forward_Polina6.zip,fall,forward,polina,6,yes,peak_centered_fall,5.0,5.4705,13.4705,8.0,8.4705,22.395875,0.0622,20.2468,20.1846,1008,399,Automatically preprocessed from Sensor Logger export.
Fall_Forward_Polina7,Fall_Forward_Polina7.zip,C:\Users\lukas\GitHub\ML_Fall_Detection\data\raw\fall_forward\polina\Fall_Forward_Polina7.zip,fall,forward,polina,7,yes,peak_centered_fall,5.0,6.3928,14.3928,8.0,9.3928,18.30888,0.0648,19.3477,19.2829,962,399,Automatically preprocessed from Sensor Logger export.
Fall_Forward_Polina8,Fall_Forward_Polina8.zip,C:\Users\lukas\GitHub\ML_Fall_Detection\data\raw\fall_forward\polina\Fall_Forward_Polina8.zip,fall,forward,polina,8,yes,peak_centered_fall,5.0,5.6377,13.6377,8.0,8.6377,20.357117,0.0633,20.1095,20.0462,1000,399,Automatically preprocessed from Sensor Logger export.
Fall_Forward_Polina9,Fall_Forward_Polina9.zip,C:\Users\lukas\GitHub\ML_Fall_Detection\data\raw\fall_forward\polina\Fall_Forward_Polina9.zip,fall,forward,polina,9,yes,peak_centered_fall,5.0,5.5023,13.5023,8.0,8.5023,19.306128,0.0668,20.7388,20.672,1032,399,Automatically preprocessed from Sensor Logger export.
Fall_Left_Lukas1,Fall_Left_Lukas1.zip,C:\Users\lukas\GitHub\ML_Fall_Detection\data\raw\fall_left\lukas\Fall_Left_Lukas1.zip,fall,left,lukas,1,yes,peak_centered_fall,5.0,6.554,14.554,8.0,9.554,58.69132,0.0614,18.6467,18.5853,931,401,Automatically preprocessed from Sensor Logger export.
Fall_Left_Lukas10,Fall_Left_Lukas10.zip,C:\Users\lukas\GitHub\ML_Fall_Detection\data\raw\fall_left\lukas\Fall_Left_Lukas10.zip,fall,left,lukas,10,yes,peak_centered_fall,5.0,5.3512,13.3512,8.0,8.3512,48.267861,0.0585,22.7184,22.6599,1135,401,Automatically preprocessed from Sensor Logger export.
Fall_Left_Lukas2,Fall_Left_Lukas2.zip,C:\Users\lukas\GitHub\ML_Fall_Detection\data\raw\fall_left\lukas\Fall_Left_Lukas2.zip,fall,left,lukas,2,yes,peak_centered_fall,5.0,5.8804,13.8804,8.0,8.8804,63.773733,0.068,21.5897,21.5217,1078,401,Automatically preprocessed from Sensor Logger export.
Fall_Left_Lukas3,Fall_Left_Lukas3.zip,C:\Users\lukas\GitHub\ML_Fall_Detection\data\raw\fall_left\lukas\Fall_Left_Lukas3.zip,fall,left,lukas,3,yes,peak_centered_fall,5.0,2.9732,10.9732,8.0,5.9732,39.334434,0.0583,17.8629,17.8046,892,401,Automatically preprocessed from Sensor Logger export.
Fall_Left_Lukas4,Fall_Left_Lukas4.zip,C:\Users\lukas\GitHub\ML_Fall_Detection\data\raw\fall_left\lukas\Fall_Left_Lukas4.zip,fall,left,lukas,4,yes,peak_centered_fall,5.0,3.93,11.93,8.0,6.93,50.448116,0.0759,17.4808,17.4049,872,401,Automatically preprocessed from Sensor Logger export.
Fall_Left_Lukas5,Fall_Left_Lukas5.zip,C:\Users\lukas\GitHub\ML_Fall_Detection\data\raw\fall_left\lukas\Fall_Left_Lukas5.zip,fall,left,lukas,5,yes,peak_centered_fall,5.0,2.9357,10.9357,8.0,5.9357,90.38664,0.0609,16.6861,16.6252,833,401,Automatically preprocessed from Sensor Logger export.
Fall_Left_Lukas6,Fall_Left_Lukas6.zip,C:\Users\lukas\GitHub\ML_Fall_Detection\data\raw\fall_left\lukas\Fall_Left_Lukas6.zip,fall,left,lukas,6,yes,peak_centered_fall,5.0,4.0565,12.0565,8.0,7.0565,18.970284,0.0627,19.7852,19.7225,988,401,Automatically preprocessed from Sensor Logger export.
Fall_Left_Lukas7,Fall_Left_Lukas7.zip,C:\Users\lukas\GitHub\ML_Fall_Detection\data\raw\fall_left\lukas\Fall_Left_Lukas7.zip,fall,left,lukas,7,yes,peak_centered_fall,5.0,8.7132,16.7132,8.0,11.7132,25.154892,0.0636,22.104,22.0404,1104,401,Automatically preprocessed from Sensor Logger export.
Fall_Left_Lukas8,Fall_Left_Lukas8.zip,C:\Users\lukas\GitHub\ML_Fall_Detection\data\raw\fall_left\lukas\Fall_Left_Lukas8.zip,fall,left,lukas,8,yes,peak_centered_fall,5.0,5.2394,13.2394,8.0,8.2394,50.069676,0.0664,18.8302,18.7638,940,401,Automatically preprocessed from Sensor Logger export.
Fall_Left_Lukas9,Fall_Left_Lukas9.zip,C:\Users\lukas\GitHub\ML_Fall_Detection\data\raw\fall_left\lukas\Fall_Left_Lukas9.zip,fall,left,lukas,9,yes,peak_centered_fall,5.0,4.9763,12.9763,8.0,7.9763,75.392277,0.0632,19.3063,19.243,964,401,Automatically preprocessed from Sensor Logger export.
Fall_Left_Polina1,Fall_Left_Polina1.zip,C:\Users\lukas\GitHub\ML_Fall_Detection\data\raw\fall_left\polina\Fall_Left_Polina1.zip,fall,left,polina,1,yes,peak_centered_fall,5.0,5.8598,13.8598,8.0,8.8598,50.455652,0.0676,20.3174,20.2499,1012,399,Automatically preprocessed from Sensor Logger export.
Fall_Left_Polina10,Fall_Left_Polina10.zip,C:\Users\lukas\GitHub\ML_Fall_Detection\data\raw\fall_left\polina\Fall_Left_Polina10.zip,fall,left,polina,10,yes,peak_centered_fall,5.0,4.3885,12.3885,8.0,7.3885,24.29148,0.0775,17.6609,17.5833,879,399,Automatically preprocessed from Sensor Logger export.
Fall_Left_Polina2,Fall_Left_Polina2.zip,C:\Users\lukas\GitHub\ML_Fall_Detection\data\raw\fall_left\polina\Fall_Left_Polina2.zip,fall,left,polina,2,yes,peak_centered_fall,5.0,6.4363,14.4363,8.0,9.4363,39.368124,0.0662,18.5072,18.441,921,398,Automatically preprocessed from Sensor Logger export.
Fall_Left_Polina3,Fall_Left_Polina3.zip,C:\Users\lukas\GitHub\ML_Fall_Detection\data\raw\fall_left\polina\Fall_Left_Polina3.zip,fall,left,polina,3,yes,peak_centered_fall,5.0,7.0155,15.0155,8.0,10.0155,24.212326,0.0673,20.2266,20.1593,1005,397,Automatically preprocessed from Sensor Logger export.
Fall_Left_Polina4,Fall_Left_Polina4.zip,C:\Users\lukas\GitHub\ML_Fall_Detection\data\raw\fall_left\polina\Fall_Left_Polina4.zip,fall,left,polina,4,yes,peak_centered_fall,5.0,4.6919,12.6919,8.0,7.6919,29.514121,0.0618,16.6425,16.5807,829,399,Automatically preprocessed from Sensor Logger export.
Fall_Left_Polina5,Fall_Left_Polina5.zip,C:\Users\lukas\GitHub\ML_Fall_Detection\data\raw\fall_left\polina\Fall_Left_Polina5.zip,fall,left,polina,5,yes,peak_centered_fall,5.0,14.0092,17.61,3.6008,17.0092,34.236282,0.0655,17.61,17.5444,877,180,Automatically preprocessed from Sensor Logger export.
Fall_Left_Polina6,Fall_Left_Polina6.zip,C:\Users\lukas\GitHub\ML_Fall_Detection\data\raw\fall_left\polina\Fall_Left_Polina6.zip,fall,left,polina,6,yes,peak_centered_fall,5.0,2.9743,10.9743,8.0,5.9743,27.631402,0.0665,19.8521,19.7855,989,399,Automatically preprocessed from Sensor Logger export.
Fall_Left_Polina7,Fall_Left_Polina7.zip,C:\Users\lukas\GitHub\ML_Fall_Detection\data\raw\fall_left\polina\Fall_Left_Polina7.zip,fall,left,polina,7,yes,peak_centered_fall,5.0,3.6904,11.6904,8.0,6.6904,32.807906,0.0639,15.66,15.5961,778,397,Automatically preprocessed from Sensor Logger export.
Fall_Left_Polina8,Fall_Left_Polina8.zip,C:\Users\lukas\GitHub\ML_Fall_Detection\data\raw\fall_left\polina\Fall_Left_Polina8.zip,fall,left,polina,8,yes,peak_centered_fall,5.0,5.0822,13.0822,8.0,8.0822,36.188434,0.0677,16.7912,16.7235,835,399,Automatically preprocessed from Sensor Logger export.
Fall_Left_Polina9,Fall_Left_Polina9.zip,C:\Users\lukas\GitHub\ML_Fall_Detection\data\raw\fall_left\polina\Fall_Left_Polina9.zip,fall,left,polina,9,yes,peak_centered_fall,5.0,3.7734,11.7734,8.0,6.7734,49.78956,0.0633,15.3236,15.2603,762,398,Automatically preprocessed from Sensor Logger export.
Fall_Right_Lukas1,Fall_Right_Lukas1.zip,C:\Users\lukas\GitHub\ML_Fall_Detection\data\raw\fall_right\lukas\Fall_Right_Lukas1.zip,fall,right,lukas,1,yes,peak_centered_fall,5.0,6.6256,14.6256,8.0,9.6256,89.692377,0.0732,24.5936,24.5203,1228,401,Automatically preprocessed from Sensor Logger export.
Fall_Right_Lukas10,Fall_Right_Lukas10.zip,C:\Users\lukas\GitHub\ML_Fall_Detection\data\raw\fall_right\lukas\Fall_Right_Lukas10.zip,fall,right,lukas,10,yes,peak_centered_fall,5.0,5.8183,13.8183,8.0,8.8183,74.753151,0.0656,20.5683,20.5027,1027,401,Automatically preprocessed from Sensor Logger export.
Fall_Right_Lukas2,Fall_Right_Lukas2.zip,C:\Users\lukas\GitHub\ML_Fall_Detection\data\raw\fall_right\lukas\Fall_Right_Lukas2.zip,fall,right,lukas,2,yes,peak_centered_fall,5.0,5.3502,13.3502,8.0,8.3502,38.89786,0.0769,20.6402,20.5634,1030,401,Automatically preprocessed from Sensor Logger export.
Fall_Right_Lukas3,Fall_Right_Lukas3.zip,C:\Users\lukas\GitHub\ML_Fall_Detection\data\raw\fall_right\lukas\Fall_Right_Lukas3.zip,fall,right,lukas,3,yes,peak_centered_fall,5.0,4.6379,12.6379,8.0,7.6379,35.317807,0.0641,19.5081,19.4439,974,401,Automatically preprocessed from Sensor Logger export.
Fall_Right_Lukas4,Fall_Right_Lukas4.zip,C:\Users\lukas\GitHub\ML_Fall_Detection\data\raw\fall_right\lukas\Fall_Right_Lukas4.zip,fall,right,lukas,4,yes,peak_centered_fall,5.0,5.6837,13.6837,8.0,8.6837,48.37867,0.0509,23.2714,23.2205,1163,401,Automatically preprocessed from Sensor Logger export.
Fall_Right_Lukas5,Fall_Right_Lukas5.zip,C:\Users\lukas\GitHub\ML_Fall_Detection\data\raw\fall_right\lukas\Fall_Right_Lukas5.zip,fall,right,lukas,5,yes,peak_centered_fall,5.0,7.4359,15.4359,8.0,10.4359,83.590186,0.0647,23.105,23.0403,1154,401,Automatically preprocessed from Sensor Logger export.
Fall_Right_Lukas6,Fall_Right_Lukas6.zip,C:\Users\lukas\GitHub\ML_Fall_Detection\data\raw\fall_right\lukas\Fall_Right_Lukas6.zip,fall,right,lukas,6,yes,peak_centered_fall,5.0,4.3076,12.3076,8.0,7.3076,46.921179,0.0737,18.0584,17.9847,901,401,Automatically preprocessed from Sensor Logger export.
Fall_Right_Lukas7,Fall_Right_Lukas7.zip,C:\Users\lukas\GitHub\ML_Fall_Detection\data\raw\fall_right\lukas\Fall_Right_Lukas7.zip,fall,right,lukas,7,yes,peak_centered_fall,5.0,6.5427,14.5427,8.0,9.5427,72.935595,0.0507,20.6732,20.6225,1033,401,Automatically preprocessed from Sensor Logger export.
Fall_Right_Lukas8,Fall_Right_Lukas8.zip,C:\Users\lukas\GitHub\ML_Fall_Detection\data\raw\fall_right\lukas\Fall_Right_Lukas8.zip,fall,right,lukas,8,yes,peak_centered_fall,5.0,5.8765,13.8765,8.0,8.8765,92.252638,0.0641,22.2651,22.201,1112,401,Automatically preprocessed from Sensor Logger export.
Fall_Right_Lukas9,Fall_Right_Lukas9.zip,C:\Users\lukas\GitHub\ML_Fall_Detection\data\raw\fall_right\lukas\Fall_Right_Lukas9.zip,fall,right,lukas,9,yes,peak_centered_fall,5.0,5.017,13.017,8.0,8.017,120.223752,0.0637,22.1452,22.0816,1106,401,Automatically preprocessed from Sensor Logger export.
Fall_Right_Polina1,Fall_Right_Polina1.zip,C:\Users\lukas\GitHub\ML_Fall_Detection\data\raw\fall_right\polina\Fall_Right_Polina1.zip,fall,right,polina,1,yes,peak_centered_fall,5.0,2.6106,10.6106,8.0,5.6106,39.597387,0.1033,14.0592,13.9559,697,398,Automatically preprocessed from Sensor Logger export.
Fall_Right_Polina10,Fall_Right_Polina10.zip,C:\Users\lukas\GitHub\ML_Fall_Detection\data\raw\fall_right\polina\Fall_Right_Polina10.zip,fall,right,polina,10,yes,peak_centered_fall,5.0,14.6429,18.6442,4.0013,17.6429,28.883769,0.0636,18.6442,18.5807,928,200,Automatically preprocessed from Sensor Logger export.
Fall_Right_Polina2,Fall_Right_Polina2.zip,C:\Users\lukas\GitHub\ML_Fall_Detection\data\raw\fall_right\polina\Fall_Right_Polina2.zip,fall,right,polina,2,yes,peak_centered_fall,5.0,4.4919,12.4919,8.0,7.4919,33.400122,0.0621,18.1096,18.0475,902,399,Automatically preprocessed from Sensor Logger export.
Fall_Right_Polina3,Fall_Right_Polina3.zip,C:\Users\lukas\GitHub\ML_Fall_Detection\data\raw\fall_right\polina\Fall_Right_Polina3.zip,fall,right,polina,3,yes,peak_centered_fall,5.0,2.5503,10.5503,8.0,5.5503,21.354016,0.0818,16.6261,16.5443,827,399,Automatically preprocessed from Sensor Logger export.
Fall_Right_Polina4,Fall_Right_Polina4.zip,C:\Users\lukas\GitHub\ML_Fall_Detection\data\raw\fall_right\polina\Fall_Right_Polina4.zip,fall,right,polina,4,yes,peak_centered_fall,5.0,2.3352,10.3352,8.0,5.3352,19.886935,0.0682,16.9129,16.8447,842,399,Automatically preprocessed from Sensor Logger export.
Fall_Right_Polina5,Fall_Right_Polina5.zip,C:\Users\lukas\GitHub\ML_Fall_Detection\data\raw\fall_right\polina\Fall_Right_Polina5.zip,fall,right,polina,5,yes,peak_centered_fall,5.0,10.367,14.869,4.502,13.367,13.280239,0.0657,14.869,14.8032,740,225,Automatically preprocessed from Sensor Logger export.
Fall_Right_Polina6,Fall_Right_Polina6.zip,C:\Users\lukas\GitHub\ML_Fall_Detection\data\raw\fall_right\polina\Fall_Right_Polina6.zip,fall,right,polina,6,yes,peak_centered_fall,5.0,5.1574,13.1574,8.0,8.1574,44.249195,0.0667,20.1331,20.0664,1003,399,Automatically preprocessed from Sensor Logger export.
Fall_Right_Polina7,Fall_Right_Polina7.zip,C:\Users\lukas\GitHub\ML_Fall_Detection\data\raw\fall_right\polina\Fall_Right_Polina7.zip,fall,right,polina,7,yes,peak_centered_fall,5.0,4.3575,12.3575,8.0,7.3575,32.307146,0.0679,17.2467,17.1788,858,399,Automatically preprocessed from Sensor Logger export.
Fall_Right_Polina8,Fall_Right_Polina8.zip,C:\Users\lukas\GitHub\ML_Fall_Detection\data\raw\fall_right\polina\Fall_Right_Polina8.zip,fall,right,polina,8,yes,peak_centered_fall,5.0,5.091,13.091,8.0,8.091,20.911498,0.0623,19.2851,19.2228,961,399,Automatically preprocessed from Sensor Logger export.
Fall_Right_Polina9,Fall_Right_Polina9.zip,C:\Users\lukas\GitHub\ML_Fall_Detection\data\raw\fall_right\polina\Fall_Right_Polina9.zip,fall,right,polina,9,yes,peak_centered_fall,5.0,6.8191,14.8191,8.0,9.8191,22.539612,0.0687,19.4706,19.4018,969,399,Automatically preprocessed from Sensor Logger export.
NFA_BendingDown_Lukas1,NFA_BendingDown_Lukas1.zip,C:\Users\lukas\GitHub\ML_Fall_Detection\data\raw\non_fall\nfa_bending_down\lukas\NFA_BendingDown_Lukas1.zip,non_fall,bending_down,lukas,1,yes,middle_cut_non_fall,5.0,5.0476,15.8328,10.7852,,,0.0476,18.8328,18.7852,941,539,Automatically preprocessed from Sensor Logger export.
NFA_BendingDown_Lukas10,NFA_BendingDown_Lukas10.zip,C:\Users\lukas\GitHub\ML_Fall_Detection\data\raw\non_fall\nfa_bending_down\lukas\NFA_BendingDown_Lukas10.zip,non_fall,bending_down,lukas,10,yes,middle_cut_non_fall,5.0,5.068,13.894,8.826,,,0.068,16.894,16.826,843,441,Automatically preprocessed from Sensor Logger export.
NFA_BendingDown_Lukas2,NFA_BendingDown_Lukas2.zip,C:\Users\lukas\GitHub\ML_Fall_Detection\data\raw\non_fall\nfa_bending_down\lukas\NFA_BendingDown_Lukas2.zip,non_fall,bending_down,lukas,2,yes,middle_cut_non_fall,5.0,5.0661,14.053,8.9869,,,0.0661,17.053,16.9869,851,449,Automatically preprocessed from Sensor Logger export.
NFA_BendingDown_Lukas3,NFA_BendingDown_Lukas3.zip,C:\Users\lukas\GitHub\ML_Fall_Detection\data\raw\non_fall\nfa_bending_down\lukas\NFA_BendingDown_Lukas3.zip,non_fall,bending_down,lukas,3,yes,middle_cut_non_fall,5.0,5.0649,16.569,11.5041,,,0.0649,19.569,19.5041,977,575,Automatically preprocessed from Sensor Logger export.
NFA_BendingDown_Lukas4,NFA_BendingDown_Lukas4.zip,C:\Users\lukas\GitHub\ML_Fall_Detection\data\raw\non_fall\nfa_bending_down\lukas\NFA_BendingDown_Lukas4.zip,non_fall,bending_down,lukas,4,yes,middle_cut_non_fall,5.0,5.0623,15.5669,10.5046,,,0.0623,18.5669,18.5046,927,525,Automatically preprocessed from Sensor Logger export.
NFA_BendingDown_Lukas5,NFA_BendingDown_Lukas5.zip,C:\Users\lukas\GitHub\ML_Fall_Detection\data\raw\non_fall\nfa_bending_down\lukas\NFA_BendingDown_Lukas5.zip,non_fall,bending_down,lukas,5,yes,middle_cut_non_fall,5.0,5.0637,18.2265,13.1628,,,0.0637,21.2265,21.1628,1060,658,Automatically preprocessed from Sensor Logger export.
NFA_BendingDown_Lukas6,NFA_BendingDown_Lukas6.zip,C:\Users\lukas\GitHub\ML_Fall_Detection\data\raw\non_fall\nfa_bending_down\lukas\NFA_BendingDown_Lukas6.zip,non_fall,bending_down,lukas,6,yes,middle_cut_non_fall,5.0,5.0728,16.9166,11.8438,,,0.0728,19.9166,19.8438,994,592,Automatically preprocessed from Sensor Logger export.
NFA_BendingDown_Lukas7,NFA_BendingDown_Lukas7.zip,C:\Users\lukas\GitHub\ML_Fall_Detection\data\raw\non_fall\nfa_bending_down\lukas\NFA_BendingDown_Lukas7.zip,non_fall,bending_down,lukas,7,yes,middle_cut_non_fall,5.0,5.0627,17.6655,12.6028,,,0.0627,20.6655,20.6028,1032,630,Automatically preprocessed from Sensor Logger export.
NFA_BendingDown_Lukas8,NFA_BendingDown_Lukas8.zip,C:\Users\lukas\GitHub\ML_Fall_Detection\data\raw\non_fall\nfa_bending_down\lukas\NFA_BendingDown_Lukas8.zip,non_fall,bending_down,lukas,8,yes,middle_cut_non_fall,5.0,5.0606,18.6026,13.5421,,,0.0606,21.6026,21.5421,1079,677,Automatically preprocessed from Sensor Logger export.
NFA_BendingDown_Lukas9,NFA_BendingDown_Lukas9.zip,C:\Users\lukas\GitHub\ML_Fall_Detection\data\raw\non_fall\nfa_bending_down\lukas\NFA_BendingDown_Lukas9.zip,non_fall,bending_down,lukas,9,yes,middle_cut_non_fall,5.0,5.0606,19.5021,14.4415,,,0.0606,22.5021,22.4415,1124,722,Automatically preprocessed from Sensor Logger export.
NFA_BendingDown_Polina1,NFA_BendingDown_Polina1.zip,C:\Users\lukas\GitHub\ML_Fall_Detection\data\raw\non_fall\nfa_bending_down\polina\NFA_BendingDown_Polina1.zip,non_fall,bending_down,polina,1,yes,middle_cut_non_fall,5.0,5.091,15.5139,10.4229,,,0.091,18.5139,18.4229,1841,1041,Automatically preprocessed from Sensor Logger export.
NFA_BendingDown_Polina10,NFA_BendingDown_Polina10.zip,C:\Users\lukas\GitHub\ML_Fall_Detection\data\raw\non_fall\nfa_bending_down\polina\NFA_BendingDown_Polina10.zip,non_fall,bending_down,polina,10,yes,middle_cut_non_fall,5.0,5.0645,9.8831,4.8186,,,0.0645,12.8831,12.8186,1280,481,Automatically preprocessed from Sensor Logger export.
NFA_BendingDown_Polina2,NFA_BendingDown_Polina2.zip,C:\Users\lukas\GitHub\ML_Fall_Detection\data\raw\non_fall\nfa_bending_down\polina\NFA_BendingDown_Polina2.zip,non_fall,bending_down,polina,2,yes,middle_cut_non_fall,5.0,5.0565,15.6382,10.5817,,,0.0565,18.6382,18.5817,1855,1055,Automatically preprocessed from Sensor Logger export.
NFA_BendingDown_Polina3,NFA_BendingDown_Polina3.zip,C:\Users\lukas\GitHub\ML_Fall_Detection\data\raw\non_fall\nfa_bending_down\polina\NFA_BendingDown_Polina3.zip,non_fall,bending_down,polina,3,yes,middle_cut_non_fall,5.0,5.067,14.1219,9.0549,,,0.067,17.1219,17.0549,1701,902,Automatically preprocessed from Sensor Logger export.
NFA_BendingDown_Polina4,NFA_BendingDown_Polina4.zip,C:\Users\lukas\GitHub\ML_Fall_Detection\data\raw\non_fall\nfa_bending_down\polina\NFA_BendingDown_Polina4.zip,non_fall,bending_down,polina,4,yes,middle_cut_non_fall,5.0,5.0604,14.3044,9.244,,,0.0604,17.3044,17.244,1720,920,Automatically preprocessed from Sensor Logger export.
NFA_BendingDown_Polina5,NFA_BendingDown_Polina5.zip,C:\Users\lukas\GitHub\ML_Fall_Detection\data\raw\non_fall\nfa_bending_down\polina\NFA_BendingDown_Polina5.zip,non_fall,bending_down,polina,5,yes,middle_cut_non_fall,5.0,5.0594,12.0305,6.9712,,,0.0594,15.0305,14.9712,1493,694,Automatically preprocessed from Sensor Logger export.
NFA_BendingDown_Polina6,NFA_BendingDown_Polina6.zip,C:\Users\lukas\GitHub\ML_Fall_Detection\data\raw\non_fall\nfa_bending_down\polina\NFA_BendingDown_Polina6.zip,non_fall,bending_down,polina,6,yes,middle_cut_non_fall,5.0,5.0672,12.0359,6.9687,,,0.0672,15.0359,14.9687,1496,696,Automatically preprocessed from Sensor Logger export.
NFA_BendingDown_Polina7,NFA_BendingDown_Polina7.zip,C:\Users\lukas\GitHub\ML_Fall_Detection\data\raw\non_fall\nfa_bending_down\polina\NFA_BendingDown_Polina7.zip,non_fall,bending_down,polina,7,yes,middle_cut_non_fall,5.0,5.0645,12.2022,7.1377,,,0.0645,15.2022,15.1377,1512,712,Automatically preprocessed from Sensor Logger export.
NFA_BendingDown_Polina8,NFA_BendingDown_Polina8.zip,C:\Users\lukas\GitHub\ML_Fall_Detection\data\raw\non_fall\nfa_bending_down\polina\NFA_BendingDown_Polina8.zip,non_fall,bending_down,polina,8,yes,middle_cut_non_fall,5.0,5.0652,13.2142,8.149,,,0.0652,16.2142,16.149,1612,812,Automatically preprocessed from Sensor Logger export.
NFA_BendingDown_Polina9,NFA_BendingDown_Polina9.zip,C:\Users\lukas\GitHub\ML_Fall_Detection\data\raw\non_fall\nfa_bending_down\polina\NFA_BendingDown_Polina9.zip,non_fall,bending_down,polina,9,yes,middle_cut_non_fall,5.0,5.0656,12.6852,7.6196,,,0.0656,15.6852,15.6196,1561,761,Automatically preprocessed from Sensor Logger export.
NFA_FastSittingDown_Lukas1,NFA_FastSittingDown_Lukas1.zip,C:\Users\lukas\GitHub\ML_Fall_Detection\data\raw\non_fall\nfa_fast_sitting_down\lukas\NFA_FastSittingDown_Lukas1.zip,non_fall,fast_sitting_down,lukas,1,yes,middle_cut_non_fall,5.0,5.0596,10.2882,5.2286,,,0.0596,13.2882,13.2286,663,261,Automatically preprocessed from Sensor Logger export.
NFA_FastSittingDown_Lukas10,NFA_FastSittingDown_Lukas10.zip,C:\Users\lukas\GitHub\ML_Fall_Detection\data\raw\non_fall\nfa_fast_sitting_down\lukas\NFA_FastSittingDown_Lukas10.zip,non_fall,fast_sitting_down,lukas,10,yes,middle_cut_non_fall,5.0,5.0584,11.7859,6.7276,,,0.0584,14.7859,14.7276,738,336,Automatically preprocessed from Sensor Logger export.
NFA_FastSittingDown_Lukas2,NFA_FastSittingDown_Lukas2.zip,C:\Users\lukas\GitHub\ML_Fall_Detection\data\raw\non_fall\nfa_fast_sitting_down\lukas\NFA_FastSittingDown_Lukas2.zip,non_fall,fast_sitting_down,lukas,2,yes,middle_cut_non_fall,5.0,5.0639,15.8875,10.8235,,,0.0639,18.8875,18.8235,943,541,Automatically preprocessed from Sensor Logger export.
NFA_FastSittingDown_Lukas3,NFA_FastSittingDown_Lukas3.zip,C:\Users\lukas\GitHub\ML_Fall_Detection\data\raw\non_fall\nfa_fast_sitting_down\lukas\NFA_FastSittingDown_Lukas3.zip,non_fall,fast_sitting_down,lukas,3,yes,middle_cut_non_fall,5.0,5.0572,12.3238,7.2666,,,0.0572,15.3238,15.2666,765,363,Automatically preprocessed from Sensor Logger export.
NFA_FastSittingDown_Lukas4,NFA_FastSittingDown_Lukas4.zip,C:\Users\lukas\GitHub\ML_Fall_Detection\data\raw\non_fall\nfa_fast_sitting_down\lukas\NFA_FastSittingDown_Lukas4.zip,non_fall,fast_sitting_down,lukas,4,yes,middle_cut_non_fall,5.0,5.0583,9.6673,4.6089,,,0.0583,12.6673,12.6089,632,230,Automatically preprocessed from Sensor Logger export.
NFA_FastSittingDown_Lukas5,NFA_FastSittingDown_Lukas5.zip,C:\Users\lukas\GitHub\ML_Fall_Detection\data\raw\non_fall\nfa_fast_sitting_down\lukas\NFA_FastSittingDown_Lukas5.zip,non_fall,fast_sitting_down,lukas,5,yes,middle_cut_non_fall,5.0,5.0753,13.0014,7.9261,,,0.0753,16.0014,15.9261,798,396,Automatically preprocessed from Sensor Logger export.
NFA_FastSittingDown_Lukas6,NFA_FastSittingDown_Lukas6.zip,C:\Users\lukas\GitHub\ML_Fall_Detection\data\raw\non_fall\nfa_fast_sitting_down\lukas\NFA_FastSittingDown_Lukas6.zip,non_fall,fast_sitting_down,lukas,6,yes,middle_cut_non_fall,5.0,5.066,12.8322,7.7661,,,0.066,15.8322,15.7661,790,388,Automatically preprocessed from Sensor Logger export.
NFA_FastSittingDown_Lukas7,NFA_FastSittingDown_Lukas7.zip,C:\Users\lukas\GitHub\ML_Fall_Detection\data\raw\non_fall\nfa_fast_sitting_down\lukas\NFA_FastSittingDown_Lukas7.zip,non_fall,fast_sitting_down,lukas,7,yes,middle_cut_non_fall,5.0,5.0631,13.2689,8.2058,,,0.0631,16.2689,16.2058,812,410,Automatically preprocessed from Sensor Logger export.
NFA_FastSittingDown_Lukas8,NFA_FastSittingDown_Lukas8.zip,C:\Users\lukas\GitHub\ML_Fall_Detection\data\raw\non_fall\nfa_fast_sitting_down\lukas\NFA_FastSittingDown_Lukas8.zip,non_fall,fast_sitting_down,lukas,8,yes,middle_cut_non_fall,5.0,5.0582,13.124,8.0659,,,0.0582,16.124,16.0659,805,403,Automatically preprocessed from Sensor Logger export.
NFA_FastSittingDown_Lukas9,NFA_FastSittingDown_Lukas9.zip,C:\Users\lukas\GitHub\ML_Fall_Detection\data\raw\non_fall\nfa_fast_sitting_down\lukas\NFA_FastSittingDown_Lukas9.zip,non_fall,fast_sitting_down,lukas,9,yes,middle_cut_non_fall,5.0,5.0687,13.8742,8.8055,,,0.0687,16.8742,16.8055,842,440,Automatically preprocessed from Sensor Logger export.
NFA_FastSittingDown_Polina1,NFA_FastSittingDown_Polina1.zip,C:\Users\lukas\GitHub\ML_Fall_Detection\data\raw\non_fall\nfa_fast_sitting_down\polina\NFA_FastSittingDown_Polina1.zip,non_fall,fast_sitting_down,polina,1,yes,middle_cut_non_fall,5.0,5.0675,20.1319,15.0644,,,0.0675,23.1319,23.0644,1151,751,Automatically preprocessed from Sensor Logger export.
NFA_FastSittingDown_Polina10,NFA_FastSittingDown_Polina10.zip,C:\Users\lukas\GitHub\ML_Fall_Detection\data\raw\non_fall\nfa_fast_sitting_down\polina\NFA_FastSittingDown_Polina10.zip,non_fall,fast_sitting_down,polina,10,yes,middle_cut_non_fall,5.0,5.0531,14.7764,9.7232,,,0.0531,17.7764,17.7232,886,486,Automatically preprocessed from Sensor Logger export.
NFA_FastSittingDown_Polina2,NFA_FastSittingDown_Polina2.zip,C:\Users\lukas\GitHub\ML_Fall_Detection\data\raw\non_fall\nfa_fast_sitting_down\polina\NFA_FastSittingDown_Polina2.zip,non_fall,fast_sitting_down,polina,2,yes,middle_cut_non_fall,5.0,5.0916,15.0153,9.9237,,,0.0916,18.0153,17.9237,896,496,Automatically preprocessed from Sensor Logger export.
NFA_FastSittingDown_Polina3,NFA_FastSittingDown_Polina3.zip,C:\Users\lukas\GitHub\ML_Fall_Detection\data\raw\non_fall\nfa_fast_sitting_down\polina\NFA_FastSittingDown_Polina3.zip,non_fall,fast_sitting_down,polina,3,yes,middle_cut_non_fall,5.0,5.0643,16.1494,11.0852,,,0.0643,19.1494,19.0852,954,554,Automatically preprocessed from Sensor Logger export.
NFA_FastSittingDown_Polina4,NFA_FastSittingDown_Polina4.zip,C:\Users\lukas\GitHub\ML_Fall_Detection\data\raw\non_fall\nfa_fast_sitting_down\polina\NFA_FastSittingDown_Polina4.zip,non_fall,fast_sitting_down,polina,4,yes,middle_cut_non_fall,5.0,5.0771,12.2922,7.2151,,,0.0771,15.2922,15.2151,759,359,Automatically preprocessed from Sensor Logger export.
NFA_FastSittingDown_Polina5,NFA_FastSittingDown_Polina5.zip,C:\Users\lukas\GitHub\ML_Fall_Detection\data\raw\non_fall\nfa_fast_sitting_down\polina\NFA_FastSittingDown_Polina5.zip,non_fall,fast_sitting_down,polina,5,yes,middle_cut_non_fall,5.0,5.0636,12.0861,7.0224,,,0.0636,15.0861,15.0224,750,350,Automatically preprocessed from Sensor Logger export.
NFA_FastSittingDown_Polina6,NFA_FastSittingDown_Polina6.zip,C:\Users\lukas\GitHub\ML_Fall_Detection\data\raw\non_fall\nfa_fast_sitting_down\polina\NFA_FastSittingDown_Polina6.zip,non_fall,fast_sitting_down,polina,6,yes,middle_cut_non_fall,5.0,5.0634,12.1821,7.1188,,,0.0634,15.1821,15.1188,755,355,Automatically preprocessed from Sensor Logger export.
NFA_FastSittingDown_Polina7,NFA_FastSittingDown_Polina7.zip,C:\Users\lukas\GitHub\ML_Fall_Detection\data\raw\non_fall\nfa_fast_sitting_down\polina\NFA_FastSittingDown_Polina7.zip,non_fall,fast_sitting_down,polina,7,yes,middle_cut_non_fall,5.0,5.0566,12.7535,7.697,,,0.0566,15.7535,15.697,785,385,Automatically preprocessed from Sensor Logger export.
NFA_FastSittingDown_Polina8,NFA_FastSittingDown_Polina8.zip,C:\Users\lukas\GitHub\ML_Fall_Detection\data\raw\non_fall\nfa_fast_sitting_down\polina\NFA_FastSittingDown_Polina8.zip,non_fall,fast_sitting_down,polina,8,yes,middle_cut_non_fall,5.0,5.0688,12.21,7.1412,,,0.0688,15.21,15.1412,757,357,Automatically preprocessed from Sensor Logger export.
NFA_FastSittingDown_Polina9,NFA_FastSittingDown_Polina9.zip,C:\Users\lukas\GitHub\ML_Fall_Detection\data\raw\non_fall\nfa_fast_sitting_down\polina\NFA_FastSittingDown_Polina9.zip,non_fall,fast_sitting_down,polina,9,yes,middle_cut_non_fall,5.0,5.0639,13.3841,8.3202,,,0.0639,16.3841,16.3202,816,416,Automatically preprocessed from Sensor Logger export.
NFA_LyingDown_Lukas1,NFA_LyingDown_Lukas1.zip,C:\Users\lukas\GitHub\ML_Fall_Detection\data\raw\non_fall\nfa_lying_down\lukas\NFA_LyingDown_Lukas1.zip,non_fall,lying_down,lukas,1,yes,middle_cut_non_fall,5.0,5.0729,14.8191,9.7462,,,0.0729,17.8191,17.7462,889,487,Automatically preprocessed from Sensor Logger export.
NFA_LyingDown_Lukas10,NFA_LyingDown_Lukas10.zip,C:\Users\lukas\GitHub\ML_Fall_Detection\data\raw\non_fall\nfa_lying_down\lukas\NFA_LyingDown_Lukas10.zip,non_fall,lying_down,lukas,10,yes,middle_cut_non_fall,5.0,5.0643,17.347,12.2827,,,0.0643,20.347,20.2827,1016,614,Automatically preprocessed from Sensor Logger export.
NFA_LyingDown_Lukas2,NFA_LyingDown_Lukas2.zip,C:\Users\lukas\GitHub\ML_Fall_Detection\data\raw\non_fall\nfa_lying_down\lukas\NFA_LyingDown_Lukas2.zip,non_fall,lying_down,lukas,2,yes,middle_cut_non_fall,5.0,5.0607,18.8232,13.7625,,,0.0607,21.8232,21.7625,1090,688,Automatically preprocessed from Sensor Logger export.
NFA_LyingDown_Lukas3,NFA_LyingDown_Lukas3.zip,C:\Users\lukas\GitHub\ML_Fall_Detection\data\raw\non_fall\nfa_lying_down\lukas\NFA_LyingDown_Lukas3.zip,non_fall,lying_down,lukas,3,yes,middle_cut_non_fall,5.0,5.0628,18.2058,13.143,,,0.0628,21.2058,21.143,1059,657,Automatically preprocessed from Sensor Logger export.
NFA_LyingDown_Lukas4,NFA_LyingDown_Lukas4.zip,C:\Users\lukas\GitHub\ML_Fall_Detection\data\raw\non_fall\nfa_lying_down\lukas\NFA_LyingDown_Lukas4.zip,non_fall,lying_down,lukas,4,yes,middle_cut_non_fall,5.0,5.0574,23.0562,17.9988,,,0.0574,26.0562,25.9988,1302,900,Automatically preprocessed from Sensor Logger export.
NFA_LyingDown_Lukas5,NFA_LyingDown_Lukas5.zip,C:\Users\lukas\GitHub\ML_Fall_Detection\data\raw\non_fall\nfa_lying_down\lukas\NFA_LyingDown_Lukas5.zip,non_fall,lying_down,lukas,5,yes,middle_cut_non_fall,5.0,5.0621,17.8048,12.7428,,,0.0621,20.8048,20.7428,1039,637,Automatically preprocessed from Sensor Logger export.
NFA_LyingDown_Lukas6,NFA_LyingDown_Lukas6.zip,C:\Users\lukas\GitHub\ML_Fall_Detection\data\raw\non_fall\nfa_lying_down\lukas\NFA_LyingDown_Lukas6.zip,non_fall,lying_down,lukas,6,yes,middle_cut_non_fall,5.0,5.0562,15.8205,10.7643,,,0.0562,18.8205,18.7643,940,538,Automatically preprocessed from Sensor Logger export.
NFA_LyingDown_Lukas7,NFA_LyingDown_Lukas7.zip,C:\Users\lukas\GitHub\ML_Fall_Detection\data\raw\non_fall\nfa_lying_down\lukas\NFA_LyingDown_Lukas7.zip,non_fall,lying_down,lukas,7,yes,middle_cut_non_fall,5.0,5.0654,19.7066,14.6412,,,0.0654,22.7066,22.6412,1134,732,Automatically preprocessed from Sensor Logger export.
NFA_LyingDown_Lukas8,NFA_LyingDown_Lukas8.zip,C:\Users\lukas\GitHub\ML_Fall_Detection\data\raw\non_fall\nfa_lying_down\lukas\NFA_LyingDown_Lukas8.zip,non_fall,lying_down,lukas,8,yes,middle_cut_non_fall,5.0,5.0657,14.8106,9.745,,,0.0657,17.8106,17.745,889,487,Automatically preprocessed from Sensor Logger export.
NFA_LyingDown_Lukas9,NFA_LyingDown_Lukas9.zip,C:\Users\lukas\GitHub\ML_Fall_Detection\data\raw\non_fall\nfa_lying_down\lukas\NFA_LyingDown_Lukas9.zip,non_fall,lying_down,lukas,9,yes,middle_cut_non_fall,5.0,5.0638,19.4248,14.3609,,,0.0638,22.4248,22.3609,1120,718,Automatically preprocessed from Sensor Logger export.
NFA_LyingDown_Polina1,NFA_LyingDown_Polina1.zip,C:\Users\lukas\GitHub\ML_Fall_Detection\data\raw\non_fall\nfa_lying_down\polina\NFA_LyingDown_Polina1.zip,non_fall,lying_down,polina,1,yes,middle_cut_non_fall,5.0,5.0777,15.4663,10.3886,,,0.0777,18.4663,18.3886,919,519,Automatically preprocessed from Sensor Logger export.
NFA_LyingDown_Polina10,NFA_LyingDown_Polina10.zip,C:\Users\lukas\GitHub\ML_Fall_Detection\data\raw\non_fall\nfa_lying_down\polina\NFA_LyingDown_Polina10.zip,non_fall,lying_down,polina,10,yes,middle_cut_non_fall,5.0,5.0775,13.4388,8.3613,,,0.0775,16.4388,16.3613,818,418,Automatically preprocessed from Sensor Logger export.
NFA_LyingDown_Polina2,NFA_LyingDown_Polina2.zip,C:\Users\lukas\GitHub\ML_Fall_Detection\data\raw\non_fall\nfa_lying_down\polina\NFA_LyingDown_Polina2.zip,non_fall,lying_down,polina,2,yes,middle_cut_non_fall,5.0,5.0818,14.2421,9.1603,,,0.0818,17.2421,17.1603,857,457,Automatically preprocessed from Sensor Logger export.
NFA_LyingDown_Polina3,NFA_LyingDown_Polina3.zip,C:\Users\lukas\GitHub\ML_Fall_Detection\data\raw\non_fall\nfa_lying_down\polina\NFA_LyingDown_Polina3.zip,non_fall,lying_down,polina,3,yes,middle_cut_non_fall,5.0,5.079,16.0617,10.9827,,,0.079,19.0617,18.9827,948,548,Automatically preprocessed from Sensor Logger export.
NFA_LyingDown_Polina4,NFA_LyingDown_Polina4.zip,C:\Users\lukas\GitHub\ML_Fall_Detection\data\raw\non_fall\nfa_lying_down\polina\NFA_LyingDown_Polina4.zip,non_fall,lying_down,polina,4,yes,middle_cut_non_fall,5.0,5.0712,16.567,11.4958,,,0.0712,19.567,19.4958,974,574,Automatically preprocessed from Sensor Logger export.
NFA_LyingDown_Polina5,NFA_LyingDown_Polina5.zip,C:\Users\lukas\GitHub\ML_Fall_Detection\data\raw\non_fall\nfa_lying_down\polina\NFA_LyingDown_Polina5.zip,non_fall,lying_down,polina,5,yes,middle_cut_non_fall,5.0,5.0787,14.842,9.7634,,,0.0787,17.842,17.7634,888,488,Automatically preprocessed from Sensor Logger export.
NFA_LyingDown_Polina6,NFA_LyingDown_Polina6.zip,C:\Users\lukas\GitHub\ML_Fall_Detection\data\raw\non_fall\nfa_lying_down\polina\NFA_LyingDown_Polina6.zip,non_fall,lying_down,polina,6,yes,middle_cut_non_fall,5.0,5.0796,12.9204,7.8408,,,0.0796,15.9204,15.8408,792,392,Automatically preprocessed from Sensor Logger export.
NFA_LyingDown_Polina7,NFA_LyingDown_Polina7.zip,C:\Users\lukas\GitHub\ML_Fall_Detection\data\raw\non_fall\nfa_lying_down\polina\NFA_LyingDown_Polina7.zip,non_fall,lying_down,polina,7,yes,middle_cut_non_fall,5.0,5.08,15.0235,9.9435,,,0.08,18.0235,17.9435,897,497,Automatically preprocessed from Sensor Logger export.
NFA_LyingDown_Polina8,NFA_LyingDown_Polina8.zip,C:\Users\lukas\GitHub\ML_Fall_Detection\data\raw\non_fall\nfa_lying_down\polina\NFA_LyingDown_Polina8.zip,non_fall,lying_down,polina,8,yes,middle_cut_non_fall,5.0,5.0627,15.1263,10.0636,,,0.0627,18.1263,18.0636,903,503,Automatically preprocessed from Sensor Logger export.
NFA_LyingDown_Polina9,NFA_LyingDown_Polina9.zip,C:\Users\lukas\GitHub\ML_Fall_Detection\data\raw\non_fall\nfa_lying_down\polina\NFA_LyingDown_Polina9.zip,non_fall,lying_down,polina,9,yes,middle_cut_non_fall,5.0,5.0796,16.3448,11.2652,,,0.0796,19.3448,19.2652,963,563,Automatically preprocessed from Sensor Logger export.
NFA_StandingUp_Lukas1,NFA_StandingUp_Lukas1.zip,C:\Users\lukas\GitHub\ML_Fall_Detection\data\raw\non_fall\nfa_standing_up\lukas\NFA_StandingUp_Lukas1.zip,non_fall,standing_up,lukas,1,yes,middle_cut_non_fall,5.0,5.0409,21.3021,16.2612,,,0.0409,24.3021,24.2612,1215,813,Automatically preprocessed from Sensor Logger export.
NFA_StandingUp_Lukas10,NFA_StandingUp_Lukas10.zip,C:\Users\lukas\GitHub\ML_Fall_Detection\data\raw\non_fall\nfa_standing_up\lukas\NFA_StandingUp_Lukas10.zip,non_fall,standing_up,lukas,10,yes,middle_cut_non_fall,5.0,5.0642,12.9515,7.8873,,,0.0642,15.9515,15.8873,796,394,Automatically preprocessed from Sensor Logger export.
NFA_StandingUp_Lukas2,NFA_StandingUp_Lukas2.zip,C:\Users\lukas\GitHub\ML_Fall_Detection\data\raw\non_fall\nfa_standing_up\lukas\NFA_StandingUp_Lukas2.zip,non_fall,standing_up,lukas,2,yes,middle_cut_non_fall,5.0,5.0723,14.1388,9.0665,,,0.0723,17.1388,17.0665,855,453,Automatically preprocessed from Sensor Logger export.
NFA_StandingUp_Lukas3,NFA_StandingUp_Lukas3.zip,C:\Users\lukas\GitHub\ML_Fall_Detection\data\raw\non_fall\nfa_standing_up\lukas\NFA_StandingUp_Lukas3.zip,non_fall,standing_up,lukas,3,yes,middle_cut_non_fall,5.0,5.0631,17.9865,12.9233,,,0.0631,20.9865,20.9233,1048,646,Automatically preprocessed from Sensor Logger export.
NFA_StandingUp_Lukas4,NFA_StandingUp_Lukas4.zip,C:\Users\lukas\GitHub\ML_Fall_Detection\data\raw\non_fall\nfa_standing_up\lukas\NFA_StandingUp_Lukas4.zip,non_fall,standing_up,lukas,4,yes,middle_cut_non_fall,5.0,5.0692,17.213,12.1438,,,0.0692,20.213,20.1438,1009,607,Automatically preprocessed from Sensor Logger export.
NFA_StandingUp_Lukas5,NFA_StandingUp_Lukas5.zip,C:\Users\lukas\GitHub\ML_Fall_Detection\data\raw\non_fall\nfa_standing_up\lukas\NFA_StandingUp_Lukas5.zip,non_fall,standing_up,lukas,5,yes,middle_cut_non_fall,5.0,5.0582,19.0604,14.0022,,,0.0582,22.0604,22.0022,1102,700,Automatically preprocessed from Sensor Logger export.
NFA_StandingUp_Lukas6,NFA_StandingUp_Lukas6.zip,C:\Users\lukas\GitHub\ML_Fall_Detection\data\raw\non_fall\nfa_standing_up\lukas\NFA_StandingUp_Lukas6.zip,non_fall,standing_up,lukas,6,yes,middle_cut_non_fall,5.0,5.0554,14.5223,9.4669,,,0.0554,17.5223,17.4669,875,473,Automatically preprocessed from Sensor Logger export.
NFA_StandingUp_Lukas7,NFA_StandingUp_Lukas7.zip,C:\Users\lukas\GitHub\ML_Fall_Detection\data\raw\non_fall\nfa_standing_up\lukas\NFA_StandingUp_Lukas7.zip,non_fall,standing_up,lukas,7,yes,middle_cut_non_fall,5.0,5.0692,22.3898,17.3206,,,0.0692,25.3898,25.3206,1268,866,Automatically preprocessed from Sensor Logger export.
NFA_StandingUp_Lukas8,NFA_StandingUp_Lukas8.zip,C:\Users\lukas\GitHub\ML_Fall_Detection\data\raw\non_fall\nfa_standing_up\lukas\NFA_StandingUp_Lukas8.zip,non_fall,standing_up,lukas,8,yes,middle_cut_non_fall,5.0,5.0606,17.1846,12.124,,,0.0606,20.1846,20.124,1008,606,Automatically preprocessed from Sensor Logger export.
NFA_StandingUp_Lukas9,NFA_StandingUp_Lukas9.zip,C:\Users\lukas\GitHub\ML_Fall_Detection\data\raw\non_fall\nfa_standing_up\lukas\NFA_StandingUp_Lukas9.zip,non_fall,standing_up,lukas,9,yes,middle_cut_non_fall,5.0,5.061,15.5461,10.4851,,,0.061,18.5461,18.4851,926,524,Automatically preprocessed from Sensor Logger export.
NFA_StandingUp_Polina1,NFA_StandingUp_Polina1.zip,C:\Users\lukas\GitHub\ML_Fall_Detection\data\raw\non_fall\nfa_standing_up\polina\NFA_StandingUp_Polina1.zip,non_fall,standing_up,polina,1,yes,middle_cut_non_fall,5.0,5.0619,12.5044,7.4426,,,0.0619,15.5044,15.4426,1542,743,Automatically preprocessed from Sensor Logger export.
NFA_StandingUp_Polina10,NFA_StandingUp_Polina10.zip,C:\Users\lukas\GitHub\ML_Fall_Detection\data\raw\non_fall\nfa_standing_up\polina\NFA_StandingUp_Polina10.zip,non_fall,standing_up,polina,10,yes,middle_cut_non_fall,5.0,5.0642,9.8398,4.7756,,,0.0642,12.8398,12.7756,1277,477,Automatically preprocessed from Sensor Logger export.
NFA_StandingUp_Polina2,NFA_StandingUp_Polina2.zip,C:\Users\lukas\GitHub\ML_Fall_Detection\data\raw\non_fall\nfa_standing_up\polina\NFA_StandingUp_Polina2.zip,non_fall,standing_up,polina,2,yes,middle_cut_non_fall,5.0,5.066,12.3546,7.2885,,,0.066,15.3546,15.2885,1528,728,Automatically preprocessed from Sensor Logger export.
NFA_StandingUp_Polina3,NFA_StandingUp_Polina3.zip,C:\Users\lukas\GitHub\ML_Fall_Detection\data\raw\non_fall\nfa_standing_up\polina\NFA_StandingUp_Polina3.zip,non_fall,standing_up,polina,3,yes,middle_cut_non_fall,5.0,5.0647,14.2204,9.1557,,,0.0647,17.2204,17.1557,1710,912,Automatically preprocessed from Sensor Logger export.
NFA_StandingUp_Polina4,NFA_StandingUp_Polina4.zip,C:\Users\lukas\GitHub\ML_Fall_Detection\data\raw\non_fall\nfa_standing_up\polina\NFA_StandingUp_Polina4.zip,non_fall,standing_up,polina,4,yes,middle_cut_non_fall,5.0,5.0712,11.8642,6.793,,,0.0712,14.8642,14.793,1478,678,Automatically preprocessed from Sensor Logger export.
NFA_StandingUp_Polina5,NFA_StandingUp_Polina5.zip,C:\Users\lukas\GitHub\ML_Fall_Detection\data\raw\non_fall\nfa_standing_up\polina\NFA_StandingUp_Polina5.zip,non_fall,standing_up,polina,5,yes,middle_cut_non_fall,5.0,5.0612,11.709,6.6478,,,0.0612,14.709,14.6478,1464,664,Automatically preprocessed from Sensor Logger export.
NFA_StandingUp_Polina6,NFA_StandingUp_Polina6.zip,C:\Users\lukas\GitHub\ML_Fall_Detection\data\raw\non_fall\nfa_standing_up\polina\NFA_StandingUp_Polina6.zip,non_fall,standing_up,polina,6,yes,middle_cut_non_fall,5.0,5.0613,13.1833,8.122,,,0.0613,16.1833,16.122,1611,811,Automatically preprocessed from Sensor Logger export.
NFA_StandingUp_Polina7,NFA_StandingUp_Polina7.zip,C:\Users\lukas\GitHub\ML_Fall_Detection\data\raw\non_fall\nfa_standing_up\polina\NFA_StandingUp_Polina7.zip,non_fall,standing_up,polina,7,yes,middle_cut_non_fall,5.0,5.0699,14.6023,9.5324,,,0.0699,17.6023,17.5324,1752,952,Automatically preprocessed from Sensor Logger export.
NFA_StandingUp_Polina8,NFA_StandingUp_Polina8.zip,C:\Users\lukas\GitHub\ML_Fall_Detection\data\raw\non_fall\nfa_standing_up\polina\NFA_StandingUp_Polina8.zip,non_fall,standing_up,polina,8,yes,middle_cut_non_fall,5.0,5.0716,11.0698,5.9982,,,0.0716,14.0698,13.9982,1399,599,Automatically preprocessed from Sensor Logger export.
NFA_StandingUp_Polina9,NFA_StandingUp_Polina9.zip,C:\Users\lukas\GitHub\ML_Fall_Detection\data\raw\non_fall\nfa_standing_up\polina\NFA_StandingUp_Polina9.zip,non_fall,standing_up,polina,9,yes,middle_cut_non_fall,5.0,5.0768,12.5368,7.46,,,0.0768,15.5368,15.46,1545,745,Automatically preprocessed from Sensor Logger export.
NFA_StumblingForward_Lukas1,NFA_StumblingForward_Lukas1.zip,C:\Users\lukas\GitHub\ML_Fall_Detection\data\raw\non_fall\nfa_stumbling_forward\lukas\NFA_StumblingForward_Lukas1.zip,non_fall,stumbling_forward,lukas,1,yes,middle_cut_non_fall,5.0,5.0617,12.7686,7.7069,,,0.0617,15.7686,15.7069,787,385,Automatically preprocessed from Sensor Logger export.
NFA_StumblingForward_Lukas10,NFA_StumblingForward_Lukas10.zip,C:\Users\lukas\GitHub\ML_Fall_Detection\data\raw\non_fall\nfa_stumbling_forward\lukas\NFA_StumblingForward_Lukas10.zip,non_fall,stumbling_forward,lukas,10,yes,middle_cut_non_fall,5.0,5.0664,16.5098,11.4434,,,0.0664,19.5098,19.4434,974,572,Automatically preprocessed from Sensor Logger export.
NFA_StumblingForward_Lukas2,NFA_StumblingForward_Lukas2.zip,C:\Users\lukas\GitHub\ML_Fall_Detection\data\raw\non_fall\nfa_stumbling_forward\lukas\NFA_StumblingForward_Lukas2.zip,non_fall,stumbling_forward,lukas,2,yes,middle_cut_non_fall,5.0,5.0582,17.9808,12.9226,,,0.0582,20.9808,20.9226,1048,646,Automatically preprocessed from Sensor Logger export.
NFA_StumblingForward_Lukas3,NFA_StumblingForward_Lukas3.zip,C:\Users\lukas\GitHub\ML_Fall_Detection\data\raw\non_fall\nfa_stumbling_forward\lukas\NFA_StumblingForward_Lukas3.zip,non_fall,stumbling_forward,lukas,3,yes,middle_cut_non_fall,5.0,5.0725,15.7171,10.6446,,,0.0725,18.7171,18.6446,934,532,Automatically preprocessed from Sensor Logger export.
NFA_StumblingForward_Lukas4,NFA_StumblingForward_Lukas4.zip,C:\Users\lukas\GitHub\ML_Fall_Detection\data\raw\non_fall\nfa_stumbling_forward\lukas\NFA_StumblingForward_Lukas4.zip,non_fall,stumbling_forward,lukas,4,yes,middle_cut_non_fall,5.0,5.0592,14.7843,9.7251,,,0.0592,17.7843,17.7251,888,486,Automatically preprocessed from Sensor Logger export.
NFA_StumblingForward_Lukas5,NFA_StumblingForward_Lukas5.zip,C:\Users\lukas\GitHub\ML_Fall_Detection\data\raw\non_fall\nfa_stumbling_forward\lukas\NFA_StumblingForward_Lukas5.zip,non_fall,stumbling_forward,lukas,5,yes,middle_cut_non_fall,5.0,5.0582,14.5635,9.5053,,,0.0582,17.5635,17.5053,877,475,Automatically preprocessed from Sensor Logger export.
NFA_StumblingForward_Lukas6,NFA_StumblingForward_Lukas6.zip,C:\Users\lukas\GitHub\ML_Fall_Detection\data\raw\non_fall\nfa_stumbling_forward\lukas\NFA_StumblingForward_Lukas6.zip,non_fall,stumbling_forward,lukas,6,yes,middle_cut_non_fall,5.0,5.0792,16.363,11.2838,,,0.0792,19.363,19.2838,966,564,Automatically preprocessed from Sensor Logger export.
NFA_StumblingForward_Lukas7,NFA_StumblingForward_Lukas7.zip,C:\Users\lukas\GitHub\ML_Fall_Detection\data\raw\non_fall\nfa_stumbling_forward\lukas\NFA_StumblingForward_Lukas7.zip,non_fall,stumbling_forward,lukas,7,yes,middle_cut_non_fall,5.0,5.0611,14.1666,9.1055,,,0.0611,17.1666,17.1055,857,455,Automatically preprocessed from Sensor Logger export.
NFA_StumblingForward_Lukas8,NFA_StumblingForward_Lukas8.zip,C:\Users\lukas\GitHub\ML_Fall_Detection\data\raw\non_fall\nfa_stumbling_forward\lukas\NFA_StumblingForward_Lukas8.zip,non_fall,stumbling_forward,lukas,8,yes,middle_cut_non_fall,5.0,5.0585,14.9033,9.8448,,,0.0585,17.9033,17.8448,894,492,Automatically preprocessed from Sensor Logger export.
NFA_StumblingForward_Lukas9,NFA_StumblingForward_Lukas9.zip,C:\Users\lukas\GitHub\ML_Fall_Detection\data\raw\non_fall\nfa_stumbling_forward\lukas\NFA_StumblingForward_Lukas9.zip,non_fall,stumbling_forward,lukas,9,yes,middle_cut_non_fall,5.0,5.0666,17.2743,12.2077,,,0.0666,20.2743,20.2077,1012,610,Automatically preprocessed from Sensor Logger export.
NFA_StumblingForward_Polina1,NFA_StumblingForward_Polina1.zip,C:\Users\lukas\GitHub\ML_Fall_Detection\data\raw\non_fall\nfa_stumbling_forward\polina\NFA_StumblingForward_Polina1.zip,non_fall,stumbling_forward,polina,1,yes,middle_cut_non_fall,5.0,5.0655,13.7683,8.7027,,,0.0655,16.7683,16.7027,1668,868,Automatically preprocessed from Sensor Logger export.
NFA_StumblingForward_Polina2,NFA_StumblingForward_Polina2.zip,C:\Users\lukas\GitHub\ML_Fall_Detection\data\raw\non_fall\nfa_stumbling_forward\polina\NFA_StumblingForward_Polina2.zip,non_fall,stumbling_forward,polina,2,yes,middle_cut_non_fall,5.0,5.0706,11.0486,5.9779,,,0.0706,14.0486,13.9779,1396,597,Automatically preprocessed from Sensor Logger export.
NFA_StumblingForward_Polina3,NFA_StumblingForward_Polina3.zip,C:\Users\lukas\GitHub\ML_Fall_Detection\data\raw\non_fall\nfa_stumbling_forward\polina\NFA_StumblingForward_Polina3.zip,non_fall,stumbling_forward,polina,3,yes,middle_cut_non_fall,5.0,5.0696,13.1308,8.0612,,,0.0696,16.1308,16.0612,1604,805,Automatically preprocessed from Sensor Logger export.
NFA_StumblingForward_Polina4,NFA_StumblingForward_Polina4.zip,C:\Users\lukas\GitHub\ML_Fall_Detection\data\raw\non_fall\nfa_stumbling_forward\polina\NFA_StumblingForward_Polina4.zip,non_fall,stumbling_forward,polina,4,yes,middle_cut_non_fall,5.0,5.0581,14.5046,9.4465,,,0.0581,17.5046,17.4465,1742,943,Automatically preprocessed from Sensor Logger export.
NFA_StumblingForward_Polina5,NFA_StumblingForward_Polina5.zip,C:\Users\lukas\GitHub\ML_Fall_Detection\data\raw\non_fall\nfa_stumbling_forward\polina\NFA_StumblingForward_Polina5.zip,non_fall,stumbling_forward,polina,5,yes,middle_cut_non_fall,5.0,5.0692,14.3217,9.2525,,,0.0692,17.3217,17.2525,1724,924,Automatically preprocessed from Sensor Logger export.
NFA_StumblingForward_Polina6,NFA_StumblingForward_Polina6.zip,C:\Users\lukas\GitHub\ML_Fall_Detection\data\raw\non_fall\nfa_stumbling_forward\polina\NFA_StumblingForward_Polina6.zip,non_fall,stumbling_forward,polina,6,yes,middle_cut_non_fall,5.0,5.0647,15.0482,9.9835,,,0.0647,18.0482,17.9835,1796,996,Automatically preprocessed from Sensor Logger export.
NFA_StumblingForward_Polina7,NFA_StumblingForward_Polina7.zip,C:\Users\lukas\GitHub\ML_Fall_Detection\data\raw\non_fall\nfa_stumbling_forward\polina\NFA_StumblingForward_Polina7.zip,non_fall,stumbling_forward,polina,7,yes,middle_cut_non_fall,5.0,5.0664,12.296,7.2296,,,0.0664,15.296,15.2296,1522,722,Automatically preprocessed from Sensor Logger export.
NFA_StumblingForward_Polina8,NFA_StumblingForward_Polina8.zip,C:\Users\lukas\GitHub\ML_Fall_Detection\data\raw\non_fall\nfa_stumbling_forward\polina\NFA_StumblingForward_Polina8.zip,non_fall,stumbling_forward,polina,8,yes,middle_cut_non_fall,5.0,5.0593,14.135,9.0757,,,0.0593,17.135,17.0757,1705,905,Automatically preprocessed from Sensor Logger export.
NFA_StumblingForward_Polina9,NFA_StumblingForward_Polina9.zip,C:\Users\lukas\GitHub\ML_Fall_Detection\data\raw\non_fall\nfa_stumbling_forward\polina\NFA_StumblingForward_Polina9.zip,non_fall,stumbling_forward,polina,9,yes,middle_cut_non_fall,5.0,5.0693,14.702,9.6327,,,0.0693,17.702,17.6327,1762,962,Automatically preprocessed from Sensor Logger export.
NFA_Walking_Lukas1,NFA_Walking_Lukas1.zip,C:\Users\lukas\GitHub\ML_Fall_Detection\data\raw\non_fall\nfa_walking\lukas\NFA_Walking_Lukas1.zip,non_fall,walking,lukas,1,yes,middle_cut_non_fall,5.0,5.0455,21.8056,16.7601,,,0.0455,24.8056,24.7601,1240,838,Automatically preprocessed from Sensor Logger export.
NFA_Walking_Lukas10,NFA_Walking_Lukas10.zip,C:\Users\lukas\GitHub\ML_Fall_Detection\data\raw\non_fall\nfa_walking\lukas\NFA_Walking_Lukas10.zip,non_fall,walking,lukas,10,yes,middle_cut_non_fall,5.0,5.0705,26.2463,21.1758,,,0.0705,29.2463,29.1758,1461,1059,Automatically preprocessed from Sensor Logger export.
NFA_Walking_Lukas2,NFA_Walking_Lukas2.zip,C:\Users\lukas\GitHub\ML_Fall_Detection\data\raw\non_fall\nfa_walking\lukas\NFA_Walking_Lukas2.zip,non_fall,walking,lukas,2,yes,middle_cut_non_fall,5.0,5.0635,25.021,19.9576,,,0.0635,28.021,27.9576,1400,998,Automatically preprocessed from Sensor Logger export.
NFA_Walking_Lukas3,NFA_Walking_Lukas3.zip,C:\Users\lukas\GitHub\ML_Fall_Detection\data\raw\non_fall\nfa_walking\lukas\NFA_Walking_Lukas3.zip,non_fall,walking,lukas,3,yes,middle_cut_non_fall,5.0,5.0704,22.8095,17.7391,,,0.0704,25.8095,25.7391,1289,887,Automatically preprocessed from Sensor Logger export.
NFA_Walking_Lukas4,NFA_Walking_Lukas4.zip,C:\Users\lukas\GitHub\ML_Fall_Detection\data\raw\non_fall\nfa_walking\lukas\NFA_Walking_Lukas4.zip,non_fall,walking,lukas,4,yes,middle_cut_non_fall,5.0,5.0669,19.5086,14.4417,,,0.0669,22.5086,22.4417,1124,722,Automatically preprocessed from Sensor Logger export.
NFA_Walking_Lukas5,NFA_Walking_Lukas5.zip,C:\Users\lukas\GitHub\ML_Fall_Detection\data\raw\non_fall\nfa_walking\lukas\NFA_Walking_Lukas5.zip,non_fall,walking,lukas,5,yes,middle_cut_non_fall,5.0,5.0635,24.3014,19.2379,,,0.0635,27.3014,27.2379,1364,962,Automatically preprocessed from Sensor Logger export.
NFA_Walking_Lukas6,NFA_Walking_Lukas6.zip,C:\Users\lukas\GitHub\ML_Fall_Detection\data\raw\non_fall\nfa_walking\lukas\NFA_Walking_Lukas6.zip,non_fall,walking,lukas,6,yes,middle_cut_non_fall,5.0,5.0599,22.0396,16.9797,,,0.0599,25.0396,24.9797,1251,849,Automatically preprocessed from Sensor Logger export.
NFA_Walking_Lukas7,NFA_Walking_Lukas7.zip,C:\Users\lukas\GitHub\ML_Fall_Detection\data\raw\non_fall\nfa_walking\lukas\NFA_Walking_Lukas7.zip,non_fall,walking,lukas,7,yes,middle_cut_non_fall,5.0,5.0585,22.9378,17.8793,,,0.0585,25.9378,25.8793,1296,894,Automatically preprocessed from Sensor Logger export.
NFA_Walking_Lukas8,NFA_Walking_Lukas8.zip,C:\Users\lukas\GitHub\ML_Fall_Detection\data\raw\non_fall\nfa_walking\lukas\NFA_Walking_Lukas8.zip,non_fall,walking,lukas,8,yes,middle_cut_non_fall,5.0,5.0746,21.6345,16.5599,,,0.0746,24.6345,24.5599,1230,828,Automatically preprocessed from Sensor Logger export.
NFA_Walking_Lukas9,NFA_Walking_Lukas9.zip,C:\Users\lukas\GitHub\ML_Fall_Detection\data\raw\non_fall\nfa_walking\lukas\NFA_Walking_Lukas9.zip,non_fall,walking,lukas,9,yes,middle_cut_non_fall,5.0,5.0656,22.4047,17.3392,,,0.0656,25.4047,25.3392,1269,867,Automatically preprocessed from Sensor Logger export.
NFA_Walking_Polina1,NFA_Walking_Polina1.zip,C:\Users\lukas\GitHub\ML_Fall_Detection\data\raw\non_fall\nfa_walking\polina\NFA_Walking_Polina1.zip,non_fall,walking,polina,1,yes,middle_cut_non_fall,5.0,5.0701,20.6417,15.5716,,,0.0701,23.6417,23.5716,1178,778,Automatically preprocessed from Sensor Logger export.
NFA_Walking_Polina10,NFA_Walking_Polina10.zip,C:\Users\lukas\GitHub\ML_Fall_Detection\data\raw\non_fall\nfa_walking\polina\NFA_Walking_Polina10.zip,non_fall,walking,polina,10,yes,middle_cut_non_fall,5.0,5.0785,20.0684,14.9899,,,0.0785,23.0684,22.9899,1149,749,Automatically preprocessed from Sensor Logger export.
NFA_Walking_Polina2,NFA_Walking_Polina2.zip,C:\Users\lukas\GitHub\ML_Fall_Detection\data\raw\non_fall\nfa_walking\polina\NFA_Walking_Polina2.zip,non_fall,walking,polina,2,yes,middle_cut_non_fall,5.0,5.0701,16.7561,11.686,,,0.0701,19.7561,19.686,984,584,Automatically preprocessed from Sensor Logger export.
NFA_Walking_Polina3,NFA_Walking_Polina3.zip,C:\Users\lukas\GitHub\ML_Fall_Detection\data\raw\non_fall\nfa_walking\polina\NFA_Walking_Polina3.zip,non_fall,walking,polina,3,yes,middle_cut_non_fall,5.0,5.0769,19.7066,14.6297,,,0.0769,22.7066,22.6297,1131,731,Automatically preprocessed from Sensor Logger export.
NFA_Walking_Polina4,NFA_Walking_Polina4.zip,C:\Users\lukas\GitHub\ML_Fall_Detection\data\raw\non_fall\nfa_walking\polina\NFA_Walking_Polina4.zip,non_fall,walking,polina,4,yes,middle_cut_non_fall,5.0,5.081,19.4712,14.3902,,,0.081,22.4712,22.3902,1119,719,Automatically preprocessed from Sensor Logger export.
NFA_Walking_Polina5,NFA_Walking_Polina5.zip,C:\Users\lukas\GitHub\ML_Fall_Detection\data\raw\non_fall\nfa_walking\polina\NFA_Walking_Polina5.zip,non_fall,walking,polina,5,yes,middle_cut_non_fall,5.0,5.0791,19.1284,14.0493,,,0.0791,22.1284,22.0493,1102,702,Automatically preprocessed from Sensor Logger export.
NFA_Walking_Polina6,NFA_Walking_Polina6.zip,C:\Users\lukas\GitHub\ML_Fall_Detection\data\raw\non_fall\nfa_walking\polina\NFA_Walking_Polina6.zip,non_fall,walking,polina,6,yes,middle_cut_non_fall,5.0,5.0632,18.4315,13.3683,,,0.0632,21.4315,21.3683,1068,668,Automatically preprocessed from Sensor Logger export.
NFA_Walking_Polina7,NFA_Walking_Polina7.zip,C:\Users\lukas\GitHub\ML_Fall_Detection\data\raw\non_fall\nfa_walking\polina\NFA_Walking_Polina7.zip,non_fall,walking,polina,7,yes,middle_cut_non_fall,5.0,5.0663,21.3981,16.3319,,,0.0663,24.3981,24.3319,1216,816,Automatically preprocessed from Sensor Logger export.
NFA_Walking_Polina8,NFA_Walking_Polina8.zip,C:\Users\lukas\GitHub\ML_Fall_Detection\data\raw\non_fall\nfa_walking\polina\NFA_Walking_Polina8.zip,non_fall,walking,polina,8,yes,middle_cut_non_fall,5.0,5.0669,16.2522,11.1852,,,0.0669,19.2522,19.1852,959,559,Automatically preprocessed from Sensor Logger export.
NFA_Walking_Polina9,NFA_Walking_Polina9.zip,C:\Users\lukas\GitHub\ML_Fall_Detection\data\raw\non_fall\nfa_walking\polina\NFA_Walking_Polina9.zip,non_fall,walking,polina,9,yes,middle_cut_non_fall,5.0,5.0687,18.6769,13.6082,,,0.0687,21.6769,21.6082,1080,680,Automatically preprocessed from Sensor Logger export.
